Segment,Customer_Count,Total_Revenue_USD,Total_Orders,Avg_Recency_Days
At_Risk,37,57190.88,241,240.0
Bronze,5216,15759733.13,18453,144.73753834355827
Gold,1146,14791947.02,16274,61.81937172774869
Inactive,1633,2703639.61,3148,514.0434782608696
New,756,603773.14,756,189.93915343915344
Silver,3099,21839195.81,24012,96.1648919006131
